--This script will not be overridden. Should be used in web application to load test data.
--Author: Jan Tomasek
INSERT INTO Club (id,name) VALUES (10000,'0clubName');
INSERT INTO Manager (id,firstName,lastName,email,mobile,password) VALUES (10000,'0fname','0lname','0man@mail.com','+0','0password');
INSERT INTO Club (id,name) VALUES (10001,'1clubName');
INSERT INTO Manager (id,firstName,lastName,email,mobile,password) VALUES (10001,'1fname','1lname','1man@mail.com','+1','1password');
INSERT INTO Team (id,category,club_id) VALUES (10002,0,10000);
INSERT INTO Team (id,category,club_id) VALUES (10003,1,10000);
INSERT INTO Team (id,category,club_id) VALUES (10004,2,10000);
INSERT INTO Team (id,category,club_id) VALUES (10005,3,10000);
INSERT INTO Team (id,category,club_id) VALUES (10006,4,10000);
INSERT INTO Team (id,category,club_id) VALUES (10007,0,10001);
INSERT INTO Team (id,category,club_id) VALUES (10008,1,10001);
INSERT INTO Team (id,category,club_id) VALUES (10009,2,10001);
INSERT INTO Team (id,category,club_id) VALUES (10010,3,10001);
INSERT INTO Team (id,category,club_id) VALUES (10011,4,10001);
INSERT INTO Player (id,firstName,lastName,email,mobile,weight,height,dateOfBirth,club_id) VALUES (10012,'0fname','0lname','0player@mail.com','+0',120.0,120.0,(X'313936372d30312d3031'),10000);
INSERT INTO Player (id,firstName,lastName,email,mobile,weight,height,dateOfBirth,club_id) VALUES (10013,'1fname','1lname','1player@mail.com','+1',120.0,120.0,(X'313939382d30312d3031'),10001);
INSERT INTO Player (id,firstName,lastName,email,mobile,weight,height,dateOfBirth,club_id) VALUES (10014,'2fname','2lname','2player@mail.com','+2',120.0,120.0,(X'323030302d30312d3031'),10000);
INSERT INTO Player (id,firstName,lastName,email,mobile,weight,height,dateOfBirth,club_id) VALUES (10015,'3fname','3lname','3player@mail.com','+3',120.0,120.0,(X'323030322d30312d3031'),10001);
INSERT INTO Player (id,firstName,lastName,email,mobile,weight,height,dateOfBirth,club_id) VALUES (10016,'4fname','4lname','4player@mail.com','+4',120.0,120.0,(X'323030342d30312d3031'),10000);
INSERT INTO Player (id,firstName,lastName,email,mobile,weight,height,dateOfBirth,club_id) VALUES (10017,'5fname','5lname','5player@mail.com','+5',120.0,120.0,(X'313936372d30312d3031'),10001);
INSERT INTO Player (id,firstName,lastName,email,mobile,weight,height,dateOfBirth,club_id) VALUES (10018,'6fname','6lname','6player@mail.com','+6',120.0,120.0,(X'313939382d30312d3031'),10000);
INSERT INTO Player (id,firstName,lastName,email,mobile,weight,height,dateOfBirth,club_id) VALUES (10019,'7fname','7lname','7player@mail.com','+7',120.0,120.0,(X'323030302d30312d3031'),10001);
INSERT INTO Player (id,firstName,lastName,email,mobile,weight,height,dateOfBirth,club_id) VALUES (10020,'8fname','8lname','8player@mail.com','+8',120.0,120.0,(X'323030322d30312d3031'),10000);
INSERT INTO Player (id,firstName,lastName,email,mobile,weight,height,dateOfBirth,club_id) VALUES (10021,'9fname','9lname','9player@mail.com','+9',120.0,120.0,(X'323030342d30312d3031'),10001);
INSERT INTO Player (id,firstName,lastName,email,mobile,weight,height,dateOfBirth,club_id) VALUES (10022,'10fname','10lname','10player@mail.com','+10',120.0,120.0,(X'313936372d30312d3031'),10000);
INSERT INTO Player (id,firstName,lastName,email,mobile,weight,height,dateOfBirth,club_id) VALUES (10023,'11fname','11lname','11player@mail.com','+11',120.0,120.0,(X'313939382d30312d3031'),10001);
INSERT INTO Player (id,firstName,lastName,email,mobile,weight,height,dateOfBirth,club_id) VALUES (10024,'12fname','12lname','12player@mail.com','+12',120.0,120.0,(X'323030302d30312d3031'),10000);
INSERT INTO Player (id,firstName,lastName,email,mobile,weight,height,dateOfBirth,club_id) VALUES (10025,'13fname','13lname','13player@mail.com','+13',120.0,120.0,(X'323030322d30312d3031'),10001);
INSERT INTO Player (id,firstName,lastName,email,mobile,weight,height,dateOfBirth,club_id) VALUES (10026,'14fname','14lname','14player@mail.com','+14',120.0,120.0,(X'323030342d30312d3031'),10000);
INSERT INTO Player (id,firstName,lastName,email,mobile,weight,height,dateOfBirth,club_id) VALUES (10027,'15fname','15lname','15player@mail.com','+15',120.0,120.0,(X'313936372d30312d3031'),10001);
INSERT INTO Player (id,firstName,lastName,email,mobile,weight,height,dateOfBirth,club_id) VALUES (10028,'16fname','16lname','16player@mail.com','+16',120.0,120.0,(X'313939382d30312d3031'),10000);
INSERT INTO Player (id,firstName,lastName,email,mobile,weight,height,dateOfBirth,club_id) VALUES (10029,'17fname','17lname','17player@mail.com','+17',120.0,120.0,(X'323030302d30312d3031'),10001);
INSERT INTO Player (id,firstName,lastName,email,mobile,weight,height,dateOfBirth,club_id) VALUES (10030,'18fname','18lname','18player@mail.com','+18',120.0,120.0,(X'323030322d30312d3031'),10000);
INSERT INTO Player (id,firstName,lastName,email,mobile,weight,height,dateOfBirth,club_id) VALUES (10031,'19fname','19lname','19player@mail.com','+19',120.0,120.0,(X'323030342d30312d3031'),10001);
INSERT INTO Player (id,firstName,lastName,email,mobile,weight,height,dateOfBirth,club_id) VALUES (10032,'20fname','20lname','20player@mail.com','+20',120.0,120.0,(X'313936372d30312d3031'),10000);
INSERT INTO Player (id,firstName,lastName,email,mobile,weight,height,dateOfBirth,club_id) VALUES (10033,'21fname','21lname','21player@mail.com','+21',120.0,120.0,(X'313939382d30312d3031'),10001);
INSERT INTO Player (id,firstName,lastName,email,mobile,weight,height,dateOfBirth,club_id) VALUES (10034,'22fname','22lname','22player@mail.com','+22',120.0,120.0,(X'323030302d30312d3031'),10000);
INSERT INTO Player (id,firstName,lastName,email,mobile,weight,height,dateOfBirth,club_id) VALUES (10035,'23fname','23lname','23player@mail.com','+23',120.0,120.0,(X'323030322d30312d3031'),10001);
INSERT INTO Player (id,firstName,lastName,email,mobile,weight,height,dateOfBirth,club_id) VALUES (10036,'24fname','24lname','24player@mail.com','+24',120.0,120.0,(X'323030342d30312d3031'),10000);
INSERT INTO Player (id,firstName,lastName,email,mobile,weight,height,dateOfBirth,club_id) VALUES (10037,'25fname','25lname','25player@mail.com','+25',120.0,120.0,(X'313936372d30312d3031'),10001);
INSERT INTO Player (id,firstName,lastName,email,mobile,weight,height,dateOfBirth,club_id) VALUES (10038,'26fname','26lname','26player@mail.com','+26',120.0,120.0,(X'313939382d30312d3031'),10000);
INSERT INTO Player (id,firstName,lastName,email,mobile,weight,height,dateOfBirth,club_id) VALUES (10039,'27fname','27lname','27player@mail.com','+27',120.0,120.0,(X'323030302d30312d3031'),10001);
INSERT INTO Player (id,firstName,lastName,email,mobile,weight,height,dateOfBirth,club_id) VALUES (10040,'28fname','28lname','28player@mail.com','+28',120.0,120.0,(X'323030322d30312d3031'),10000);
INSERT INTO Player (id,firstName,lastName,email,mobile,weight,height,dateOfBirth,club_id) VALUES (10041,'29fname','29lname','29player@mail.com','+29',120.0,120.0,(X'323030342d30312d3031'),10001);
INSERT INTO Player (id,firstName,lastName,email,mobile,weight,height,dateOfBirth,club_id) VALUES (10042,'30fname','30lname','30player@mail.com','+30',120.0,120.0,(X'313936372d30312d3031'),10000);
INSERT INTO Player (id,firstName,lastName,email,mobile,weight,height,dateOfBirth,club_id) VALUES (10043,'31fname','31lname','31player@mail.com','+31',120.0,120.0,(X'313939382d30312d3031'),10001);
INSERT INTO Player (id,firstName,lastName,email,mobile,weight,height,dateOfBirth,club_id) VALUES (10044,'32fname','32lname','32player@mail.com','+32',120.0,120.0,(X'323030302d30312d3031'),10000);
INSERT INTO Player (id,firstName,lastName,email,mobile,weight,height,dateOfBirth,club_id) VALUES (10045,'33fname','33lname','33player@mail.com','+33',120.0,120.0,(X'323030322d30312d3031'),10001);
INSERT INTO Player (id,firstName,lastName,email,mobile,weight,height,dateOfBirth,club_id) VALUES (10046,'34fname','34lname','34player@mail.com','+34',120.0,120.0,(X'323030342d30312d3031'),10000);
INSERT INTO Player (id,firstName,lastName,email,mobile,weight,height,dateOfBirth,club_id) VALUES (10047,'35fname','35lname','35player@mail.com','+35',120.0,120.0,(X'313936372d30312d3031'),10001);
INSERT INTO Player (id,firstName,lastName,email,mobile,weight,height,dateOfBirth,club_id) VALUES (10048,'36fname','36lname','36player@mail.com','+36',120.0,120.0,(X'313939382d30312d3031'),10000);
INSERT INTO Player (id,firstName,lastName,email,mobile,weight,height,dateOfBirth,club_id) VALUES (10049,'37fname','37lname','37player@mail.com','+37',120.0,120.0,(X'323030302d30312d3031'),10001);
INSERT INTO Player (id,firstName,lastName,email,mobile,weight,height,dateOfBirth,club_id) VALUES (10050,'38fname','38lname','38player@mail.com','+38',120.0,120.0,(X'323030322d30312d3031'),10000);
INSERT INTO Player (id,firstName,lastName,email,mobile,weight,height,dateOfBirth,club_id) VALUES (10051,'39fname','39lname','39player@mail.com','+39',120.0,120.0,(X'323030342d30312d3031'),10001);
INSERT INTO PlayerInfo (id,jerseyNumber,playerId,teamId) VALUES (10052,0,10012,10002);
INSERT INTO PlayerInfo (id,jerseyNumber,playerId,teamId) VALUES (10053,1,10014,10004);
INSERT INTO PlayerInfo (id,jerseyNumber,playerId,teamId) VALUES (10054,2,10016,10006);
INSERT INTO PlayerInfo (id,jerseyNumber,playerId,teamId) VALUES (10055,3,10018,10003);
INSERT INTO PlayerInfo (id,jerseyNumber,playerId,teamId) VALUES (10056,4,10020,10005);
INSERT INTO PlayerInfo (id,jerseyNumber,playerId,teamId) VALUES (10057,5,10022,10002);
INSERT INTO PlayerInfo (id,jerseyNumber,playerId,teamId) VALUES (10058,6,10024,10004);
INSERT INTO PlayerInfo (id,jerseyNumber,playerId,teamId) VALUES (10059,7,10026,10006);
INSERT INTO PlayerInfo (id,jerseyNumber,playerId,teamId) VALUES (10060,8,10028,10003);
INSERT INTO PlayerInfo (id,jerseyNumber,playerId,teamId) VALUES (10061,9,10030,10005);
INSERT INTO PlayerInfo (id,jerseyNumber,playerId,teamId) VALUES (10062,10,10032,10002);
INSERT INTO PlayerInfo (id,jerseyNumber,playerId,teamId) VALUES (10063,11,10034,10004);
INSERT INTO PlayerInfo (id,jerseyNumber,playerId,teamId) VALUES (10064,12,10036,10006);
INSERT INTO PlayerInfo (id,jerseyNumber,playerId,teamId) VALUES (10065,13,10038,10003);
INSERT INTO PlayerInfo (id,jerseyNumber,playerId,teamId) VALUES (10066,14,10040,10005);
INSERT INTO PlayerInfo (id,jerseyNumber,playerId,teamId) VALUES (10067,15,10042,10002);
INSERT INTO PlayerInfo (id,jerseyNumber,playerId,teamId) VALUES (10068,16,10044,10004);
INSERT INTO PlayerInfo (id,jerseyNumber,playerId,teamId) VALUES (10069,17,10046,10006);
INSERT INTO PlayerInfo (id,jerseyNumber,playerId,teamId) VALUES (10070,18,10048,10003);
INSERT INTO PlayerInfo (id,jerseyNumber,playerId,teamId) VALUES (10071,19,10050,10005);
INSERT INTO PlayerInfo (id,jerseyNumber,playerId,teamId) VALUES (10072,0,10013,10008);
INSERT INTO PlayerInfo (id,jerseyNumber,playerId,teamId) VALUES (10073,1,10015,10010);
INSERT INTO PlayerInfo (id,jerseyNumber,playerId,teamId) VALUES (10074,2,10017,10007);
INSERT INTO PlayerInfo (id,jerseyNumber,playerId,teamId) VALUES (10075,3,10019,10009);
INSERT INTO PlayerInfo (id,jerseyNumber,playerId,teamId) VALUES (10076,4,10021,10011);
INSERT INTO PlayerInfo (id,jerseyNumber,playerId,teamId) VALUES (10077,5,10023,10008);
INSERT INTO PlayerInfo (id,jerseyNumber,playerId,teamId) VALUES (10078,6,10025,10010);
INSERT INTO PlayerInfo (id,jerseyNumber,playerId,teamId) VALUES (10079,7,10027,10007);
INSERT INTO PlayerInfo (id,jerseyNumber,playerId,teamId) VALUES (10080,8,10029,10009);
INSERT INTO PlayerInfo (id,jerseyNumber,playerId,teamId) VALUES (10081,9,10031,10011);
INSERT INTO PlayerInfo (id,jerseyNumber,playerId,teamId) VALUES (10082,10,10033,10008);
INSERT INTO PlayerInfo (id,jerseyNumber,playerId,teamId) VALUES (10083,11,10035,10010);
INSERT INTO PlayerInfo (id,jerseyNumber,playerId,teamId) VALUES (10084,12,10037,10007);
INSERT INTO PlayerInfo (id,jerseyNumber,playerId,teamId) VALUES (10085,13,10039,10009);
INSERT INTO PlayerInfo (id,jerseyNumber,playerId,teamId) VALUES (10086,14,10041,10011);
INSERT INTO PlayerInfo (id,jerseyNumber,playerId,teamId) VALUES (10087,15,10043,10008);
INSERT INTO PlayerInfo (id,jerseyNumber,playerId,teamId) VALUES (10088,16,10045,10010);
INSERT INTO PlayerInfo (id,jerseyNumber,playerId,teamId) VALUES (10089,17,10047,10007);
INSERT INTO PlayerInfo (id,jerseyNumber,playerId,teamId) VALUES (10090,18,10049,10009);
INSERT INTO PlayerInfo (id,jerseyNumber,playerId,teamId) VALUES (10091,19,10051,10011);
